{"cameraMode":{"drawMode":0,"name":"Shaded","section":"Shading Mode"},"sceneLighting":true,"audioPlay":false,"sceneViewState":{"showFog":true,"showMaterialUpdate":false,"showSkybox":true,"showFlares":true,"showImageEffects":true,"showParticleSystems":true},"in2DMode":false,"pivot":{"x":17.03105926513672,"y":3.0443191528320314,"z":16.424732208251954},"rotation":{"x":-0.23169587552547456,"y":0.6594605445861816,"z":-0.22492682933807374,"w":-0.6788495779037476},"size":18.523481369018556,"orthographic":false}